{
  "name": "discord-bot-control-panel",
  "version": "1.0.0",
  "description": "Discord Bot Control Panel with Arabic Interface",
  "main": "server/index.js",
  "type": "module",
  "scripts": {
    "start": "node server/index.js",
    "dev": "tsx server/index.ts",
    "build": "npm run build:client && npm run build:server",
    "build:client": "vite build",
    "build:server": "esbuild server/index.ts --platform=node --packages=external --bundle --format=esm --outfile=server/index.js"
  },
  "keywords": ["discord", "bot", "control-panel", "arabic", "nodejs"],
  "author": "Your Name",
  "license": "MIT",
  "dependencies": {
    "bcrypt": "^5.1.1",
    "cors": "^2.8.5",
    "discord.js": "^14.19.3",
    "express": "^4.21.2",
    "express-session": "^1.18.1",
    "memorystore": "^1.6.7",
    "ws": "^8.18.0",
    "zod": "^3.24.2"
  },
  "devDependencies": {
    "@types/bcrypt": "^5.0.2",
    "@types/cors": "^2.8.19",
    "@types/express": "^4.17.21",
    "@types/express-session": "^1.18.2",
    "@types/node": "^20.16.11",
    "@types/ws": "^8.5.13",
    "esbuild": "^0.25.0",
    "tsx": "^4.19.1",
    "typescript": "^5.6.3",
    "vite": "^5.4.14"
  },
  "engines": {
    "node": ">=18.0.0"
  }
}